A Song of Zephyr and Petals,"['Ostinato', 'Bloom Diva the Melodious Choir', 'Windwitch - Diamond Bell', 'Windwitch - Ice Bell']","['1st Movement Solo', 'Bloom Prima the Melodious Choir', 'Windwitch - Winter Bell', 'Bloom Harmonist the Melodious Composer', 'Windwitch Chimes', 'Windwitch - Glass Bell']"
Abyssal Underworld,"['Zombie World', 'Doomking Balerdroch', 'Avendread Savior', 'Uni-Zombie']","['Zombie Necronize', 'King of the Skull Servants', 'Glow-Up Bloom', 'Vendread Battlelord', 'Revendread Executor', 'Vendread Chimera', 'Wightbaking', 'Necroworld Banshee']"
Advanced Warriors,"['Ignister Prominence, the Blasting Dracoslayer', 'Majester Paladin, the Ascending Dracoslayer', 'Dinoster Power, the Mighty Dracoslayer', 'Master Peace, the True Dracoslayer']","['Dinomist Rex', 'Igknights Unite', 'Igknight Champion', 'Luster Pendulum, the Dracoslayer', 'Amorphage Goliath', 'Amorphactor Pain, the Imagination Dracoverlord', 'Dinomists Howling', 'Draco Face-Off']"
AI Omniscience,"['The Arrival Cyberse @Ignister', 'Dark Templar @Ignister', 'Light Dragon @Ignister']","['Linguriboh', 'Wind Pegasus @Ignister', 'Dark Infant @Ignister', 'Fire Phoenix @Ignister', 'Ignister A.I.Land', 'A.I. Meet You', ""A.I.'s Show""]"
Alba Abyss,"['Nadir Servant', 'Titaniklad the Ash Dragon', 'Albion the Branded Dragon', 'Branded Fusion', 'Branded Lost', 'Tri-Brigade Mercourier', 'Lubellion the Searing Dragon', 'Mirrorjade the Iceblade Dragon', 'Alba-Lenatus the Abyss Dragon']","['Branded in White', 'Dogmatika Ecclesia, the Virtuous', 'Fallen of Albaz', 'Springans Merrymaker', 'Incredible Ecclesia, the Virtuous', 'Branded in High Spirits', 'The Golden Swordsoul', 'Albaz the Ashen', 'Branded Banishment']"
Altered Heraldry,"['Advanced Heraldry Art', 'Number 69: Heraldry Crest', 'Number 8: Heraldic King Genom-Heritage', 'Rank-Up-Magic Argent Chaos Force']","['Charged-Up Heraldry', 'Number 18: Heraldry Patriarch', 'Heraldic Beast Amphisbaena', 'CXyz Skypalace Babylon', 'Skypalace Gangaridai', 'Norito the Moral Leader', 'Marshalling Field', 'Number C69: Heraldry Crest of Horror']"
Artistic Angel,"['DoSolfachord Coolia', 'GranSolfachord Musecia', 'The Weather Painter Rainbow', 'Solfachord Elegance']","['The Weather Painter Snow', 'The Weather Snowy Canvas', 'The Weather Painter Aurora', 'DoSolfachord Cutia', 'Ret-time Reviver Emit-ter', 'The Weather Rainbowed Canvas', 'Solsolfachord Gracia']"
Astral Trinity of Gods,"['Loki, Lord of the Aesir', 'Odin, Father of the  Aesir', 'Thor, Lord of the Aesir']","['Gleipnir, the Fetters of Fenrir', 'The Golden Apples', 'Valkyrie of the Nordic Ascendant', 'Vanadis of the Nordic Ascendant', 'Gullveig of the Nordic Ascendant']"
Awakening of the Ancients,"['Guardian Eatos', 'Double-Edged Sword', 'Artifact Sanctum', 'Artifact Scythe']","['Armory Call', 'Artifact Lancea', 'Guardian Dreadscythe', 'Power of the Guardians', 'Artifact Dagda', 'Artifact Durendal', 'Artifact Ignition', 'Hidden Armory', 'Artifact Moralltach']"
Beastly Claws of Terror,"[""Gottoms' Emergency Call"", 'XX-Saber Gottoms', 'M-X-Saber Invoker', 'Scareclaw Reichheart', 'Visas Starfrost', 'Primitive Planet Reichphobia', 'Scareclaw Light-Heart', 'Scareclaw Tri-Heart']","['XX-Saber Hyunlei', 'X-Saber Wayne', 'XX-Saber Darksoul', 'XX-Saber Faultroll', 'Book of Eclipse', 'Book of Lunar Eclipse', 'Scareclaw Straddle', 'Scareclaw Alternative']"
Beasts of the Inferno,"['Hazy Flame Basiltrice', 'Five-Headed Link Dragon', 'Volcanic Doomfire', 'Blaze Accelerator Reload', 'Star Mine']","['Volcanic Counter', 'Lava Golem', 'Gren Maju Da Eiza', 'Hazy Flame Sphynx', 'Volcanic Rocket', 'Volcanic Shell', 'Vulcan the Divine', 'Firebrand Hymnist']"
Beetle Troops Roll Out,"['Inzektor Exa-Beetle', 'Inzektor Dragonfly', 'Beetrooper Sting Lancer', 'Ultra Beetrooper Absolute Heracles', 'Giant Beetrooper Invincible Atlas']","['Primitive Butterfly', 'Inzektor Hornet', 'Inzektor Sword - Zektkaliber', 'Inzektor Giga-Mantis', 'Smoke Mosquito', 'Inzektor Picofalena', 'Seraphim Papillion', 'Beetrooper Descent', 'Beetrooper Armor Horn', 'Zektrike Kou-ou']"
Beloved Dolls,"['Madolche Puddingcess Chocolat-a-la-Mode', 'Number 22: Zombiestein', 'Madolche Queen Tiaramisu', 'Madolche Teacher Glassouffle']","['Madolche Puddingcess', 'Madolche Messengelato', 'Madolche Magileine', 'Madolche Hootcake', 'Doll Happiness', 'Madolche Anjelly', 'Madolche Petingcessoeur', 'Princess Cologne']"
Blazing Fortitude,"['Salamangreat Almiraj', 'Salamangreat Heatleo', 'Salamangreat Sunlight Wolf', 'Salamangreat Pyro Phoenix']","['Salamangreat Gazelle', 'Salamangreat Violet Chimera', 'Salamangreat Balelynx', 'Salamangreat Spinny', 'Salamangreat Miragestallio', 'Salamangreat Circle', 'Salamangreat Roar', 'Salamangreat Sanctuary', 'Salamangreat Blaze Dragon']"
Blazing Warriors,"['Heroic Champion - Excalibur', ""Number C105: Battlin' Boxer Comet Cestus"", 'Rank-Up-Magic  - The Seventh One', 'Number 86: Heroic Champion - Rhongomyniad', 'Heroic Champion - Claivesolish', 'Heroic Envoy', 'Heroic Call']","['Heroic Challenger - Assault Halberd', 'Heroic Champion - Kusanagi', 'Stoic Challenge', ""Number 79: Battlin' Boxer Nova Kaiser"", 'Heroic Challenger - Thousand Blades', 'Heroic Champion - Gandiva', ""Battlin' Boxer Lead Yoke"", ""Number 105: Battlin' Boxer Star Cestus"", 'Heroic Challenger - Morning Star']"
Blooming in Adversity,"['Aromaseraphy Sweet Marjoram', 'Teardrop the Rikka Queen', 'Aromaseraphy Jasmine', 'Rikka Queen Strenna']","['Rikka Glamour', 'Mudan the Rikka Fairy', 'Aromaseraphy Rosemary', 'Aromage Jasmine', 'Tytannial, Princess of Camellias', 'Aroma Gardening', 'Lonefire Blossom', 'Staysailor Romarin']"
Bujin's Vault of Heaven,"['Bujinki Amaterasu', 'Bujintei Tsukuyomi', 'Bujintei Susanowo', 'Bujintei Kagutsuchi']","['Bujingi Crane', 'Bujin Mikazuchi', 'Bujingi Quilin', 'Bujin Yamato', 'Bujin Arasuda', 'Bujinki Ahashima', 'Bujin Mahitotsu', 'Bujin Torifune']"
Captivating Curtain Call,"['Performapal Sleight Hand Magician', 'Performapal Sky Magician', 'Performapal Pendulum Sorcerer']","['Performapal Gatlinghoul', 'Performapal King Bear', 'Performapal Longphone Bull', 'Performapal Odd-Eyes Metal Claw', 'Performapal Kuribohble', 'Performapal Dramatic Theater', 'Performapal Skullcrobat Joker']"
Celestial Dragon and Bear,"['Drytron Meteonis Draconids', 'Meteonis Drytron', 'Drytron Mu Beta Fafnir', 'Ursarctic Septentrion']","['Drytron Meteonis Quadrantids', 'Drytron Alpha Thuban', 'Ursarctic Mikpolar', 'Ursarctic Grand Chariot', 'Ursarctic Polari', 'Sacred Sword of Seven Stars', 'Ursarctic Departure']"
"Cell ""A"" Corruption","[""Cosmic Fortress Gol'Gar"", 'Alien Shocktrooper M-Frame', ""Cosmic Slicer Zer'oll""]","['Alien Ammonite', 'Alien Overlord', '""A"" Cell Recombination Device', ""Cosmic Horror Gangi'el"", 'Alien Stealthbuster', 'Planet Pollutant Virus']"
Champions of Hope,"['Number S39: Utopia the Lightning', 'Ultimate Dragonic Utopia Ray', 'Number 39: Utopia', 'Number 99: Utopia Dragonar', 'Number F0: Utopic Draco Future', 'Zexal Construction']","['Halfway to Forever', 'Number F0: Utopic Future', 'Xyz Change Tactics', 'Hyper Rank-Up-Magic Utopiforce', 'Rank-Up-Magic Zexal Force', 'Number 39: Utopia Double', 'ZS - Utopic Sage', 'ZW - Dragonic Halberd']"
Champions of Salvation,"['Stellarknight Constellar Diamond', 'Constellar Ptolemy M7', 'Constellar Pleiades', 'Stellarknight Triverr']","['Darktellarknight Batlamyus', 'Constellar Sombre', 'Constellar Omega', 'Stellarknight Delteros', 'Satellarknight Deneb', 'Stellarnova Alpha', 'Satellarknight Skybridge', 'Constellar Caduceus']"
Colossal Mech,"['Number 88: Gimmick Puppet of Leo', 'Number 15: Gimmick Puppet Giant Grinder', 'Number 9: Dyson Sphere', 'Gimmick Puppet Chimera Doll', 'Rank-Up-Magic Argent Chaos Force']","['Number 40: Gimmick Puppet of Strings', 'Gimmick Puppet Bisque Doll', 'Gimmick Puppet Gigantes Doll', 'Number C15: Gimmick Puppet Giant Hunter', 'Number C40: Gimmick Puppet of Dark Strings', 'Number C88: Gimmick Puppet Disaster Leo', 'Marshalling Field', 'Amphibious Swarmship Amblowhale']"
Combatants of Flame,"['Rekindling', 'Lavalval Dragun', 'Lavalval Salamander', 'Lavalval Exlord']","['Laval Lakeside Lady', 'Molten Conduction Field', 'Laval Volcano Handmaiden', 'Laval the Greater', 'Laval Forest Sprite', 'Laval Archer']"
Cosmic Mechanical Entities,"['Knightmare Gryphon', 'Knightmare Unicorn', 'X-Krawler Qualiark', 'Mekk-Knight Spectrum Supreme']","['Knightmare Cerberus', 'Knightmare Phoenix', 'Mekk-Knight Purple Nightfall', 'Knightmare Corruptor Iblee', 'X-Krawler Synaphysis', 'X-Krawler Neurogos', 'Mekk-Knight of the Morning Star', 'Mekk-Knight Blue Sky']"
Counterswing Mages,"['Odd-Eyes Pendulum Dragon', 'Supreme King Z-ARC', 'Astrograph Sorcerer', 'Performapal Celestial Magician', 'Timestar Magician']","['Pendulum Call', 'Rune-Eyes Pendulum Dragon', 'Double Iris Magician', 'Chronograph Sorcerer', 'Duelist Alliance', 'Wisdom-Eye Magician', 'Black Fang Magician', 'White Wing Magician', 'Purple Poison Magician']"
Cross-Dimensional Contracts,"['D/D/D Wave Oblivion King Caesar Ragnarok', 'D/D/D Flame High King Genghis', 'D/D/D Cursed King Siegfried', 'D/D/D Duo-Dawn King Kali Yuga']","['D/D/D Rebel King Leonidas', 'D/D/D Wave King Caesar', 'D/D/D Flame King Genghis', 'D/D Swirl Slime', 'Dark Contract with the Gate', 'D/D/D Dragonbane King Beowulf', 'D/D/D Oblivion King Abyss Ragnarok', 'D/D/D Abyss King Gilgamesh']"
Crystal Septenary,"['Crystal Bond', 'Rainbow Dark Dragon', 'Rainbow Dragon', 'Rainbow Overdragon']","['Rare Value', 'Advanced Dark', 'Rainbow Life', 'Rainbow Bridge', 'Rainbow Neos', 'Ancient City - Rainbow Ruins', 'Crystal Abundance', 'Ultimate Crystal Magic']"
Curse of the Serpent,"['Vennominaga the Deity of Poisonous Snakes', 'Snake Rain', 'Vennominon the King of Poisonous Snakes', 'Reptilianne Echidna']","['Ipiria', 'Reptilianne Lamia', 'Reptilianne Vaskii', 'Reptilianne Hydra', 'Evil Dragon Ananta', 'Venom Swamp', 'Offering to the Snake Deity']"
Cyber City Guardians,"['Virtual World Kyubi - Shenshen', 'Virtual World Beast - Jiujiu', 'Metaverse', 'Virtual World Dragon - Longlong', 'Tindangle Acute Cerberus']","['Pseudo Space', 'Virtual World Phoenix - Fanfan', 'Virtual World Hime - Nyannyan', 'Virtual World Mai-Hime - Lulu', 'Tindangle Hound', 'Tindangle Dholes']"
Darkest Magics,"['Dark Magician', 'Palladium Oracle Mahad', 'Soul Servant', ""Magicians' Souls"", 'The Dark Magicians']","['Destined Rivals', 'Apprentice Illusion Magician', 'Dark Magician Girl', 'Dark Magical Circle', 'The Eye of Timaeus', 'Dark Cavalry', 'Dark Magician the Dragon Knight', ""Magician's Salvation""]"
Deceitful Wings of Darkness,"['Darklord Superbia', 'The First Darklord', 'Forbidden Droplet', 'Dark Honest']","['Darklord Ixchel', 'Banishment of the Darklords', 'Forbidden Lance', 'Darklord Morningstar', 'Darklord Nasten', 'Darklord Amdusc', 'Condemned Darklord', 'Darklord Rebellion']"
Denizens of Sacred Tree Grove,"['Naturia Barkion', 'Naturia Landoise', 'Naturia Beast']","['Naturia Cliff', 'Naturia Gaiastrio', 'Naturia Sacred Tree', 'Naturia Rosewhip', 'Naturia Exterio', 'Naturia Bamboo Shoot']"
Destiny's Sorceress,"['Earthbound Immortal Aslla piscu', 'Fortune Lady Calling', 'Fortune Lady Every', 'Prediction Princess Tarotrei']","['Fortune Fairy Hikari', 'Fortune Lady Light', 'Fortune Vision', 'Miracle Stone', 'Fortune Lady Water', 'The Transmigration Prophecy', 'Prediction Princess Coinorma', 'Future Visions']"
Devastation Regenerated,"['Atomic Scrap Dragon', 'Scrap Dragon', 'Scrap Wyvern']","['Scrap Twin Dragon', 'Scrapyard', 'Scrap Chimera', 'Scrapstorm', 'Cross Breed', 'Scrap Raptor']"
Draconic Resplendence,"['Odd-Eyes Arc Pendulum Dragon', 'Sky Iris', 'Odd-Eyes Pendulum Dragon', 'Odd-Eyes Revolution Dragon', 'All-Eyes Phantom Dragon']","['Odd-Eyes Fusion', 'Spiral Flame Strike', 'Rune-Eyes Pendulum Dragon', 'Odd-Eyes Venom Dragon', 'Odd-Eyes Phantom Dragon', 'Odd-Eyes Raging Dragon', 'Odd-Eyes Phantasma Dragon', 'Performapal Skullcrobat Joker']"
Dragon Knight Gorge,"['Dragunity Knight - Ascalon', 'Dragunity Arma Gram', 'Dragunity Knight - Areadbhair', 'Dragon Ravine']","['Dragunity Knight - Vajrayana', 'Dragunity Knight - Gae Dearg', 'Dragunity Divine Lance', ""Ice Dragon's Prison"", 'Dragunity Knight - Gormfaobhar ', 'Dragunity Remus', 'Dragunity Whirlwind', 'Dragunity Legatus']"
Dragon Luster,"['Chaos Dragon Levianeer', 'Dragonmaid Sheou', 'House Dragonmaid', 'Starry Night, Starry Dragon']","['Fantastical Dragon Phantazmay', 'Keeper of Dragon Magic', 'Return of the Dragon Lords', 'Kitchen Dragonmaid', 'Dragonmaid Hospitality', 'Starry Knight Balefire', 'Chamber Dragonmaid', 'Starry Knight Rayel']"
Dragon Spirit,"['Denglong, First of the Yang Zing', 'Chaofeng, Phantom of the Yang Zing', 'Draco Berserker of the Tenyi', 'Draco Masters of the Tenyi']","['Jiaotu, Darkness of the Yang Zing', 'Baxia, Brightness of the Yang Zing', 'Yazi, Evil of the Yang Zing', 'Shaman of the Tenyi', 'Nine Pillars of Yang Zing', 'Vessel for the Dragon Cycle', 'Tenyi Spirit - Sahasrara', 'Waterfall of Dragon Souls']"
Dreadnought Advance,"['Superdreadnought Rail Cannon Juggernaut Liebe', 'Number 81: Superdreadnought Rail Cannon Super Dora', 'Superdreadnought Rail Cannon Gustav Max', 'Infinitrack Fortress Megaclops']","['Infinitrack Earth Slicer', 'Night Express Knight', 'Barrage Blast', 'Urgent Schedule', 'Revolving Switchyard', 'Infinitrack River Stormer', 'Flying Pegasus Railroad Stampede', 'Number 27: Dreadnought Dreadnoid']"
Echo Chamber Nation,"['Tri-Brigade Shuraig the Ominous Omen', 'Nadir Servant', 'Dogmatika Fleurdelis, the Knighted', 'Springans Ship - Exblowrer']","['Tri-Brigade Ferrijit the Barren Blossom', 'Tri-Brigade Bearbrumm the Rampant Rampager', 'Dogmatika Maximus', 'White Knight of Dogmatika', 'Tri-Brigade Airborne Assault', 'Springans Watch', 'Dogmatika Ecclesia, the Virtuous', 'Springans Merrymaker']"
Electrilyrical,"['Batteryman Solar', 'Appliancer Celtopus', 'Appliancer Electrilyrical World']","['Batteryman 9-Volt', 'Batteryman Industrial Strength', 'Super-Electromagnetic Voltech Dragon', 'Appliancer Socketroll', 'Appliancer Test', 'Universal Adapter']"
Electron Illusions,"['Altergeist Multifaker', 'Evil★Twins Ki-sikil & Lil-la', 'Secret Password', 'Altergeist Memorygant']","['Altergeist Marionetter', 'Altergeist Meluseek', 'Altergeist Silquitous', 'Altergeist Hexstia', 'Evil★Twin Ki-sikil', 'Evil★Twin Lil-la', ""Live☆Twin Sunny's Snitch"", 'Live☆Twin Home']"
Elemental Exchanges,"['Thermal Genex', 'Locomotion R-Genex', 'Vindikite R-Genex']","['Hydro Genex', 'Genex Ally Triarm', 'Genex Undine', 'Genex Solar', 'Windmill Genex', 'Genex Ally Triforce', 'Genex Ally Birdman']"
Emblazoned Armor,"['Vylon Disigma', 'Vylon Omega', 'Union Carrier', 'ABC-Dragon Buster']","['B-Buster Drake', 'Vylon Epsilon', 'Vylon Sigma', 'Vylon Alpha', 'Union Hangar', 'A-Assault Core', 'C-Crush Wyvern', 'Union Driver']"
Emerging Monstrosity Recon!,"['Dogoran, the Mad Flame Kaiju', 'Danger! Bigfoot!', 'Interrupted Kaiju Slumber']","['Danger! Nessie!', 'Super Anti-Kaiju War Machine Mecha-Thunder-King', 'Danger!? Jackalope?', 'Kumongous, the Sticky String Kaiju', 'Gameciel, the Sea Turtle Kaiju', 'Danger!? Tsuchinoko?', 'Pendransaction']"
Enchanted Threads of Shade,"['Zefraath', 'El Shaddoll Winda', 'El Shaddoll Apkallone', 'El Shaddoll Construct', 'Zefra Metaltron']","['El Shaddoll Shekhinaga', 'El Shaddoll Grysta', 'Reeshaddoll Wendi', 'Zefra Providence', 'Shaddoll Schism', 'El Shaddoll Fusion', 'Zefra Divine Strike', 'Oracle of Zefra', 'Shaddoll Fusion']"
Essence of Flora and Ocean,"['Trickstar Light Stage', 'Trickstar Reincarnation', 'Trickstar Holly Angel', 'Trickstar Candina']","['Marincess Coral Anemone', 'Trickstar Lycoris', 'Trickstar Foxglove Witch', 'Marincess Blue Tang', 'Marincess Pascalus', 'Marincess Wonder Heart', 'Marincess Great Bubble Reef', 'Trickstar Corobane']"
Exquisite Jet-Black Rose,"['Black Rose Dragon', 'Black Rose Moonlight Dragon', 'Crossrose Dragon']","['Rose Lover', 'Queen Angel of Roses', 'Garden Rose Flora', 'Garden Rose Maiden', 'Frozen Rose', 'Basal Rose Shoot', 'Black Garden', 'Rose Bell of Revelation']"
Fabled Gods,"['Fabled Leviathan', 'Fabled Valkyrus', 'The Fabled Unicore']","['The Fabled Cerburrel', 'Fabled Grimro', 'Fabled Ragin', 'Fabled Soulkius', 'Obedience Schooled', 'Fabled Andwraith']"
Fiendish Encounter,"['Dante, Traveler of the Burning Abyss', 'Beatrice, Lady of the Eternal', 'Magical Musketeer Max', 'Cherubini, Ebon Angel of the Burning Abyss']","['Farfa, Malebranche of the Burning Abyss', 'Scarm, Malebranche of the Burning Abyss', 'Dante, Pilgrim of the Burning Abyss', 'Magical Musket Mastermind Zakiel', 'Magical Musketeer Caspar', 'Magical Musket - Cross-Domination', 'Graff, Malebranche of the Burning Abyss', 'Magical Musketeer Starfire']"
Fiendish Playthings,"['Frightfur Chimera', 'Frightfur Tiger', 'Frightfur Bear', 'Frightfur Kraken']","['Dangerous Frightfur Nightmary', 'Frightfur Cruel Whale', 'Frightfur Wolf', 'Frightfur Leo', 'Frightfur Sabre-Tooth', 'Frightfur Daredevil', 'Frightfur Fusion', 'Frightfur Patchwork']"
Fires of This World and The Next,"['Shiranui Sunsaga', 'Yoko, the Graceful Mayakashi', 'Shiranui Skillsaga Supremacy', 'Yuki-Onna, the Absolute Zero Mayakashi']","['Shutendoji', 'Gozuki', 'Dakki, the Graceful Mayakashi', 'Mayakashi Return', 'Gashadokuro, the Skeletal Mayakashi', 'Hajun, the Winged Mayakashi', 'Yuki-Onna, the Ice Mayakashi', 'Mezuki']"
Forest Friends,"['Rescue Rabbit', 'Rescue Cat', 'Melffy of the Forest', 'Joyous Melffys']","['Melffy Mommy', 'Diamond Dire Wolf', 'Closed Forest', 'Kalantosa, Mystical Beast of the Forest', 'Aloof Lupine', 'Valerifawn, Mystical Beast of the Forest', 'Green Baboon, Defender of the Forest', 'Ayers Rock Sunrise']"
Forgotten City Dwellers,"['Abyss Dweller', 'Mermail Abyssgaois', 'Neptabyss, the Atlantean Prince', 'Mermail Abyssalacia']","['Mermail Abyssteus', 'Poseidra, The Atlantean Dragon', 'Mermail Abyssgunde', 'Mermail Abyssmegalo', 'Atlantean Marksman', 'Atlantean Heavy Infantry', 'Mermail Abyssleed', 'Atlantean Dragoons']"
Futuristic Creatures,"['T.G. Halberd Cannon/Assault Mode', 'Shooting Star Dragon T.G. EX', 'T.G. Hyper Librarian']","['T.G. Wonder Magician', 'T.G. Striker', 'T.G. Warwolf', 'T.G. Halberd Cannon', 'T.G. Blade Blaster', 'T.G. Trident Launcher']"
Galaxy War,"['B.E.S. Blaster Cannon Core', 'B.E.S. Blaster Cannon Core', 'Kozmo Dark Eclipser', 'Kozmo Farmgirl', 'B.E.F Zelos']","['Boss Rush', 'Kozmo Dark Destroyer', 'B.E.S. Big Core MK-3', 'Kozmo Tincan', 'Safe Zone', 'Kozmotown', 'Vic Viper T301', 'Kozmo Sliprider']"
Gargantuan Gears,"['Ancient Gear Reactor Dragon', 'Ultimate Ancient Gear Golem', 'Geartown', 'Ancient Gear Megaton Golem', 'Chaos Ancient Gear Giant']","['Ancient Gear Gadjiltron Dragon', 'Ancient Gear Golem - Ultimate Pound', 'Ancient Gear Hydra', 'Ancient Gear Wyvern', 'Ancient Gear Ballista', 'Ancient Gear Catapult', 'Ancient Gear Fusion', 'Ancient Gear Gadget']"
Glacial Seal,"['Brionac, Dragon of the Ice Barrier', 'Gungnir, Dragon of the Ice Barrier', 'Trishula, Zero Dragon of the Ice Barrier', 'Trishula, Dragon of the Ice Barrier']","['General Raiho of the Ice Barrier', 'Dewloren, Tiger King of the Ice Barrier', 'Freezing Chains of the Ice Barrier', 'Medallion of the Ice Barrier', 'Revealer of the Ice Barrier', 'Speaker for the Ice Barrier', 'Terror of Trishula', 'General Wayne of the Ice Barrier']"
Glory on Wings,"['Cyber Slash Harpie Lady', 'Harpie Channeler', ""Harpie's Feather Duster"", ""Harpie's Feather Storm""]","['Harpie Harpist', 'Harpie Perfumer', 'Hysteric Sign', 'Hysteric Party', 'Harpie Dancer', 'Harpie Conductor', ""Harpie's Pet Phantasmal Dragon""]"
Gods of Abyss and Arcadia,"['Hieratic Seal of Convocation', 'Ogdoabyss, the Ogdoadic Overlord', 'Hieratic Seal of the Heavenly Spheres', 'Ogdoadic Water Lily']","['Hieratic Sun Dragon Overlord of Heliopolis', 'Hieratic Dragon King of Atum', 'Hieratic Sky Dragon Overlord of Heliopolis', 'Aron, the Ogdoadic King', 'Hieratic Seal of Creation', 'Nunu, the Ogdoadic Remnant', 'Nauya, the Ogdoadic Remnant']"
Great Shogun's Rule,"['Legendary Six Samurai - Shi En', 'Gateway of the Six', 'Battle Shogun of the Six Samurai', 'Shadow of the Six Samurai - Shien']","['Legendary Six Samurai - Kizan', 'Six Samurai United', 'Secret Six Samurai - Fuma', 'Musakani Magatama', 'Grandmaster of the Six Samurai', 'Secret Six Samurai - Rihan', ""Shien's Smoke Signal""]"
Guardian of Kings,"[""Gravekeeper's Oracle"", 'Necrovalley', ""Gravekeeper's Supernaturalist""]","['Hidden Temples of Necrovalley', ""Gravekeeper's Visionary"", ""Gravekeeper's Recruiter"", 'Temple of the Kings', ""Gravekeeper's Nobleman"", ""Gravekeeper's Shaman"", 'Necrovalley Throne', 'Imperial Tombs of Necrovalley', 'Royal Tribute']"
Guardian of the Sacred Summit,"['Denglong, First of the Yang Zing', 'Chaofeng, Phantom of the Yang Zing', 'The Iris Swordsoul', 'Swordsoul of Mo Ye', 'Swordsoul Grandmaster - Chixiao', 'Swordsoul Supreme Sovereign - Chengying', 'Swordsoul Sinister Sovereign - Qixing Longyuan']","['Jiaotu, Darkness of the Yang Zing', 'Baxia, Brightness of the Yang Zing', 'Yazi, Evil of the Yang Zing', 'Nine Pillars of Yang Zing', 'Waterfall of Dragon Souls', 'Swordsoul Emergence', 'Incredible Ecclesia, the Virtuous', 'The Golden Swordsoul', 'The Abyss Dragon Swordsoul']"
Guardians of Fire,"['Brotherhood of the Fire Fist - Tiger King', 'Brotherhood of the Fire Fist - Cardinal', 'Brotherhood of the Fire Fist - Rooster', 'Brotherhood of the Fire Fist - Eagle']","['Fire Formation - Tenki', 'Brotherhood of the Fire Fist - Eland', 'Brotherhood of the Fire Fist - Spirit', 'Brotherhood of the Fire Fist - Bear', 'Brotherhood of the Fire Fist - Horse Prince', 'Fire Formation - Yoko', 'Brotherhood of the Fire Fist - Swan', 'Brotherhood of the Fire Fist - Peacock']"
Guardians of the Sacred Sky,"['Master Hyperion', 'Solemn Judgment', 'Solemn Strike', 'Celestial Knightlord Parshath']","['Cards from the Sky', 'Divine Punishment', 'The Agent of Mystery - Earth', 'The Agent of Entropy - Uranus', 'Sacred Arch-Airknight Parshath', 'Rebirth of Parshath', 'Power Angel Valkyria', 'Solemn Warning']"
Guided by Fate,"['Rite of Aramesir', 'Magikey Dragon - Andrabime', 'Magikey Fiend - Transfurlmine', 'Water Enchantress of the Temple', 'Wandering Gryphon Rider', 'Illegal Knight']","['Armory Call', 'Advanced Ritual Art', 'Hidden Armory', 'High Ritual Art', 'Magikey Mechmortar - Garesglasser', 'Fateful Adventure', 'Supernatural Danger Zone', 'Magikey Spirit - Vepartu', 'Yakusa, Lord of the Eight Thunders', 'Curse of Aramatir']"
Guided by the Noble Blade,"['Sacred Noble Knight of King Artorigus', 'Sacred Noble Knight of King Custennin', 'Ignoble Knight of High Laundsallyn', 'Infernoble Knight Emperor Charles', 'Isolde, Two Tales of the Noble Knights']","['Artorigus, King of the Noble Knights', 'Noble Knight Medraut', 'Noble Knight Drystan', 'Noble Knight Borz', 'Infernoble Knight Captain Oliver', 'Infernoble Knight - Renaud', 'Morgan, the Enchantress of Avalon', 'Heritage of the Chalice', 'Infernoble Knight Ogier']"
Hand of Fate,"['Arcana Force EX - The Light Ruler', 'Flower Cardian Lightflare', 'Arcana Force XXI - The World', 'Flower Cardian Lightshower']","['Arcana Force EX - The Dark Ruler', 'Light Barrier', 'Flower Cardian Boardefly', 'Flower Cardian Moonflowerviewing', 'Arcana Reading', 'Super Koi Koi']"
Immortal Royalty,"['Crimson Knight Vampire Bram', 'Eldlich the Golden Lord', 'Eldlich the Mad Golden Lord', 'Dhampir Vampire Sheridan', 'Vampire Voivode']","['Vampire Awakening', 'Cursed Eldland', 'Eldlixir of Scarlet Sanguine', 'Vampire Sucker', 'Vampire Domination', 'Golden Land Forever!', 'Eldlixir of Black Awakening', 'Vampire Fraulein']"
Immovable Samurai,"['Superheavy Samurai Swordmaster Musashi', 'Superheavy Samurai Beast Kyubi', 'Superheavy Samurai Steam Train King', 'Superheavy Samurai Warlord Susanowo']","['Superheavy Samurai Big Benkei', 'Superheavy Samurai Wagon', 'Superheavy Samurai Ogre Shutendoji', 'Superheavy Samurai Stealth Ninja', 'Superheavy Samurai Scarecrow', 'Superheavy Samurai Battleball']"
Impending Assassination,"['Meklord Astro Mekanikle', 'Meklord Astro Dragon Triskelion', 'Sandaion, the Timelord', 'Sephylon, the Ultimate Timelord']","['Meklord Emperor Wisel - Synchro Absorption', 'Meklord Emperor Skiel', 'Meklord Emperor Granel', 'Meklord Fortress', 'Meklord Emperor Wisel', 'Timelord Progenitor Vorpgate', 'Meklord Nucleus Infinity Core']"
Indomitable Knights,"['Odd-Eyes Pendulum Dragon', 'Arc Rebellion Xyz Dragon', 'Dark Requiem Xyz Dragon', 'The Phantom Knights of Rusty Bardiche', 'Dark Rebellion Xyz Dragon']","['The Phantom Knights of Break Sword', 'Supreme King Dragon Starving Venom', 'The Phantom Knights of Ancient Cloak', 'The Phantom Knights of Silent Boots', ""Phantom Knights' Rank-Up-Magic Force"", ""Raidraptor's Phantom Knights Claw"", ""Raider's Knight"", 'The Phantom Knights of Shade Brigandine']"
Inevitability of Chaos,"['Black Luster Soldier - Envoy of the Beginning', 'Black Luster Soldier - Sacred Soldier', 'Chaos Ruler, the Chaotic Magical Dragon', 'Black Luster Soldier - Soldier of Chaos']","['Black Luster Soldier - Super Soldier', 'Charging Gaia the Fierce Knight', 'Gateway to Chaos', 'Gateway to Chaos', 'Super Soldier Shield', 'Chaos Emperor, the Dragon of Armageddon', 'The Chaos Creator', 'Chaos Space', 'Chaos Valkyria']"
Insect Metamorphosis,"['Inzektor Exa-Beetle', 'Inzektor Dragonfly', 'Cocoon of Ultra Evolution', 'Digital Bug Registrider']","['Battlewasp - Hama the Conquering Bow', 'Inzektor Hornet', 'Inzektor Sword - Zektkaliber', 'Metamorphosed Insect Queen', 'Inzektor Giga-Mantis', 'Battlewasp - Ballista the Armageddon', 'Inzektor Picofalena', 'Seraphim Papillion']"
Interdimensional Interlopers,"['Metaphys Executor', 'Archnemeses Protos', 'Oneiros, the Dream Mirror Erlking', 'Oneiros, the Dream Mirror Tormentor', 'Dream Mirror Hypnagogia']","['Dream Mirror of Terror', 'Ikelos, the Dream Mirror Sprite', 'Ikelos, the Dream Mirror Mara', 'Dream Mirror of Joy', 'Asymmetaphys', 'Archnemeses Eschatos', 'Metaphys Horus', 'Metaphys Ragnarok']"
Invaders from Outer Space,"['Graydle Dragon', 'Worm Zero', 'W Nebula Meteorite', 'Nibiru, the Primal Being']","['King of the Feral Imps', 'Worm Linx', 'Worm Solid', 'Worm King', 'Worm Victory', 'Graydle Alligator', 'Graydle Eagle', 'Number 26: Spaceway Octobypass']"
Invulnerable Iron Wings,"['Raidraptor - Final Fortress Falcon', 'Raidraptor - Ultimate Falcon', 'Raidraptor - Revolution Falcon - Air Raid', 'Raidraptor - Arsenal Falcon', 'Raidraptor - Wise Strix']","['Raidraptor - Revolution Falcon', 'Raidraptor - Satellite Cannon Falcon', ""Phantom Knights' Rank-Up-Magic Force"", ""Raidraptor's Phantom Knights Claw"", 'Raidraptor - Call', 'Raidraptor - Tribute Lanius', 'Raidraptor - Force Strix', ""Raider's Knight"", 'Raidraptor - Stranger Falcon']"
Iron Core Synthetics,"[""Koa'ki Meiru Rooklord"", ""Diamond Core of Koa'ki Meiru"", ""Koa'ki Meiru Urnight"", ""Koa'ki Meiru Maximus""]","[""Koa'ki Meiru Bergzak"", ""Koa'ki Meiru Wall"", ""Koa'ki Meiru Sandman"", 'Nega-Ton Corepanel', ""Koa'ki Meiru Doom"", ""Koa'ki Meiru Guardian"", ""Koa'ki Meiru Drago"", ""Koa'ki Meiru Overload"", ""Koa'ki Meiru Supplier""]"
Justice Before Attribute,"['Ally of Justice Field Marshal', 'Ally of Justice Decisive Armor', 'Rekindling', 'Ancient Flamvell Deity']","['Ally of Justice Catastor', 'Ally of Justice Cyclone Creator', 'Ally of Justice Cycle Reader', 'Neo Flamvell Origin', 'Neo Flamvell Hedgehog', 'Flamvell Firedog', 'Ally of Justice Light Gazer', 'Neo Flamvell Lady']"
Justice from Light,"['Punishment Dragon', 'Judgment Dragon', 'Charge of the Light Brigade', 'Curious, the Lightsworn Dominion']","['Ehren, Lightsworn Monk', 'Lumina, Twilightsworn Shaman', 'Michael, the Arch-Lightsworn', 'Raiden, Hand of the Lightsworn', 'Lumina, Lightsworn Summoner', 'Solar Recharge', 'Lyla, Lightsworn Sorceress', 'Minerva, the Exalted Lightsworn']"
Knowledge of the Mythlords,"['Selene, Queen of the Master Magicians', 'Mythical Beast Jackal King', 'Endymion, the Mighty Master of Magic', 'Mythical Beast Master Cerberus']","['Reflection of Endymion', 'Endymion, the Master Magician', 'Magical Citadel of Endymion', ""Endymion's Lab"", 'Artemis, the Magistus Moon Maiden', 'Day-Breaker the Shining Magical Warrior', 'Servant of Endymion', 'Spell Power Mastery']"
Legends of Old,"['Golden Castle of Stromberg', 'Ancient Warriors Oath - Double Dragon Lords', 'Ancient Warriors - Rebellious Lu Feng', 'Fairy Tail - Snow', 'Fairy Tail - Luna']","['Fairy Tail - Rella', 'Glife the Phantom Bird', 'Iron Knight', 'Ancient Warriors - Ambitious Cao De', 'Fairy Tail - Sleeper', 'Ancient Warriors - Masterful Sun Mou', 'Ancient Warriors - Virtuous Liu Xuan', 'Fairy Tail - Rochka']"
Life Finds a Way,"['Valkyrie Sigrun', 'Archlord Kristya', 'Ride of the Valkyries', 'Honest']","['Athena', 'Splendid Venus', 'Valhalla, Hall of the Fallen', 'Hecatrice', 'Valkyrie Sechste', 'Valkyrie Erda', 'Valkyrie Dritte', 'Angel Statue - Azurune', 'Mischief of the Time Goddess']"
Life Force Control System,"['Infernoid Tierra', 'Apoqliphort Skybase', 'Apoqliphort Towers', 'Infernoid Onuncu']","['Into the Void', 'Qliphort Scout', 'Infernoid Devyaty', 'Void Vanishment', 'Void Imagination', 'Void Apocalypse', 'Qliphort Disk', 'Qliphort Genius']"
Magnificence of Angels,"['Valkyrie Sigrun', 'Archlord Kristya', 'Honest', 'Ride of the Valkyries']","['Splendid Venus', 'Valkyrie Erda', 'Athena', 'Hecatrice', 'Valkyrie Dritte', 'Valkyrie Sechste', 'Mischief of the Time Goddess', 'Valhalla, Hall of the Fallen', 'Angel Statue - Azurune']"
Mastery of the Grimoire,"['Spellbook Magician of Prophecy', 'Spellbook of Secrets', 'Hierophant of Prophecy', 'Crowley, the First Propheseer']","['Temperance of Prophecy', 'High Priestess of Prophecy', 'Spellbook of Life', 'Spellbook of Fate', 'Spellbook of the Master', 'Spellbook of Knowledge', 'Empress of Prophecy']"
Miraculous Advent,"['Herald of Ultimateness', 'Demise, Supreme King of Armageddon', 'Ruin, Supreme Queen of Oblivion', 'Diviner of the Herald', 'Sauravis, the Ancient and Ascended']","['Saffira, Queen of Dragons', 'Advanced Ritual Art', 'Crealtar, the Impcantation Originator', 'Preparation of Rites', 'Herald of the Arc Light', 'Herald of Perfection', 'Impcantation Chalislime', 'Megalith Aratron', 'Pre-Preparation of Rites']"
Mischievous Specters,"['Ghostrick Angel of Mischief', 'Ghostrick Alucard', 'Ghostrick Dullahan']","['Horus the Black Flame Dragon LV6', 'Silent Magician', 'Silent Swordsman', 'Dark Armed Dragon', 'Armed Dragon Thunder LV7', 'Pile Armed Dragon', 'Armed Dragon, the Armored Dragon']"
Monster Overdrive,"['Silent Swordsman LV7', 'Horus the Black Flame Dragon LV8', 'Armed Dragon LV10 White', 'Armed Dragon Thunder LV10']","['Ghostrick Fairy', 'Ghostrick Lantern', 'Ghostrick Mary', 'Scapeghost', 'Ghostrick Mansion', 'Ghostrick Break', 'Ghostrick Renovation']"
Moonlit Avian Dance,"['Lunalight Sabre Dancer', 'Lunalight Leo Dancer', 'Lyrilusc - Recital Starling', 'Lyrilusc - Ensemblue Robin']","['Lunalight Fusion', 'Lyrilusc - Assembled Nightingale', 'Lunalight Panther Dancer', 'Lyrilusc - Celestine Wagtail', 'Lyrilusc - Independent Nightingale', 'Lyrilusc - Promenade Thrush', 'Lunalight Tiger', 'Lyrilusc - Bird Call']"
Mother Nature's Snare,"['Traptrix Sera', 'Traptrix Cularia', 'Traptrix Rafflesia', 'Traptrix Allomerus']","['Chain Hole', 'Boogie Trap', 'Trap Trick', 'Traptrix Myrmeleo', 'Traptrix Genlisea', 'Traptrix Vesiculo', ""Gravedigger's Trap Hole""]"
Natural Selection,"['Predaplant Chimerafflesia', 'Crimson Nova the Dark Cubic Lord', 'Crimson Nova Trinity the Dark Cubic Lord', 'Predaplant Verte Anaconda']","['Duza the Meteor Cubic Vessel', 'Cubic Dharma', 'Cubic Karma', 'Greedy Venom Fusion Dragon', 'Predaplant Triphyoverutum', 'Predaplant Ophrys Scorpio', 'Starving Venom Fusion Dragon', 'Predaplant Dragostapelia']"
Nebula Cyclone,"['Number 38: Hope Harbinger Dragon Titanic Galaxy', 'Number 62: Galaxy-Eyes Prime Photon Dragon', 'Galaxy-Eyes Full Armor Photon Dragon', 'Number 90: Galaxy-Eyes Photon Lord', 'Galaxy-Eyes Solflare Dragon']","['Photon Orbital', 'Neo Galaxy-Eyes Photon Dragon', 'Galaxy-Eyes Photon Dragon', 'Galaxy-Eyes Afterglow Dragon', 'Photon Sanctuary', 'Galaxy Wizard', 'Starliege Photon Blast Dragon', 'Galaxy Soldier']"
Neo Space Comrades,"['Elemental HERO Divine Neos', 'Elemental HERO Neos', 'Neos Fusion', 'Elemental HERO Honest Neos']","['Miracle Contact', 'Miracle Contact', 'Elemental HERO Neos Alius', 'Generation Next', 'Neo Space Connector', 'NEXT', 'Elemental HERO Brave Neos', 'Elemental HERO Cosmo Neos', 'Elemental HERO Nebula Neos']"
Number Recall,"['Number C1000: Numerounius', 'Astral Kuriboh', 'Number 100: Numeron Dragon', 'Numeron Network', 'Number iC1000: Numerounius Numerounia']","['Number 68: Sanaphond the Sky Prison', 'Number 99: Utopic Dragon', 'Number 11: Big Eye', 'Number 89: Diablosis the Mind Hacker', 'Numeron Wall', 'Number C1: Numeron Chaos Gate Sunya', 'Rank-Up-Magic Astral Force', 'Number 41: Bagooska the Terribly Tired Tapir', 'Number 60: Dugares the Timeless']"
Onomatopair-Up,"['Utopic Onomatopoeia', 'Gagaga Cowboy', 'Onomatopaira', 'Gagagaga Magician']","['Onomatopia', 'Gogogo Giant', 'Gagaga Sister', 'Gagaga Academy Emergency Network', 'Gagaga Magician', 'Zubaba General', 'Onomatopickup', 'Number 55: Gogogo Goliath']"
Pearlescent Cyber Dragons,"['Cyber End Dragon', 'Chimeratech Megafleet Dragon', 'Cyber Dragon Infinity', 'Cyber Dragon Sieger']","['Chimeratech Overdragon', 'Cyberdarkness Dragon', 'Cyberdark Cannon', 'Cyberdark Claw', 'Chimeratech Rampage Dragon', 'Cyber Dragon Core', 'Cyber Twin Dragon', 'Cyber Eternity Dragon', 'Cyber Emergency']"
Piercing Winds,"['Mayosenju Daibak', 'Mist Valley Apex Avian', 'Simorgh, Bird of Sovereignty']","['Simorgh, Bird of Bringing ', 'Mayosenju Hitot', 'Divine Wind of Mist Valley', ""Yosenjus' Secret Move"", 'Dark Simorgh', 'Simorgh, Lord of the Storm', 'Yosenju Oroshi Channeling']"
Pledge of Sword,"[""Gottoms' Emergency Call"", 'Arcana Triumph Joker', 'XX-Saber Gottoms', 'M-X-Saber Invoker', 'Arcana Extra Joker', 'Royal Straight Slasher']","['Arcana Knight Joker', 'XX-Saber Hyunlei', 'X-Saber Wayne', 'XX-Saber Darksoul', 'XX-Saber Faultroll', 'Face Card Fusion', ""Joker's Straight"", ""Joker's Wild""]"
Prank Panic!,"['Prank-Kids Battle Butler', 'Ojama King', 'Prank-Kids Rip-Roarin-Roaster', 'Diamond Duston']","['Ojama Knight', 'Prank-Kids Rocket Ride', 'Ojama Emperor', 'Prank-Kids Meow-Meow-Mu', 'Ojama Country', 'Ojamagic', 'Prank-Kids Place', 'Ojama Trio']"
Prehistoric Beast Advance,"['Fossil Dig', 'Jurrac Meteor', 'Ultimate Conductor Tyranno', 'Souleating Oviraptor']","['Double Evolution Pill', 'Overtex Qoatlus', 'Miscellaneousaurus', 'Jurrac Aeolo', 'Babycerasaurus', 'Animadorned Archosaur', 'Petiteranodon', 'Beatraptor']"
Primordial Rising,"['Gem-Knight Lady Brilliant Diamond', 'Gem-Knight Master Diamond', 'Brilliant Fusion', 'Adamancipator Risen - Dragite']","['Gem-Knight Prismaura', 'Gem-Knight Seraphinite', 'Gem-Knight Citrine', 'Adamancipator Risen - Raptite', 'Admancipator Risen - Leonite', 'Adamancipator Researcher', 'Gem-Knight Phantom Quartz', 'Adamancipator Signs']"
Pyroxene Relinquished,"['Mecha Phantom Beast Dracossack', 'Machina Fortress', 'Machina Citadel', 'Mecha Phantom Beast Auroradon']","['Mecha Phantom Beast O-Lion', 'Aerial Recharge', 'Machina Metalcruncher', 'Phantom Fortress Enterblathnir', 'Machina Air Raider', 'Unauthorized Reactivation', 'Machina Redeployment', 'Machina Unclaspare']"
Rapid Aircraft Advancement,"['Gishki Zielgigas', 'Nekroz of Sophia', 'Nekroz of Areadbhair', 'Nekroz of Trishula']","['Nekroz Cycle', 'Shurit, Strategist of the Nekroz', 'Nekroz of Brionac', 'Gishki Vision', 'Gishki Shadow', 'Nekroz Kaleidoscope', 'Evigishki Gustkraken', 'Nekroz of Unicore']"
Rites of the Mirrorworld,"['Super Vehicroid - Mobile Base', 'Super Vehicroid - Stealth Union', 'Dragonroid', 'Limiter Removal']","['Super Vehicroid Jumbo Drill', 'Future Fusion', 'Drillroid', 'Vehicroid Connection Zone', 'Machine Duplication', 'Mixeroid', 'Megaroid City', 'Emergeroid Call']"
Roaring Thunder,"['Watthydra', 'Thunder Dragon Titan', 'Wattchimera', 'Thunder Dragon Colossus']","['Thunder Dragondark', 'Thunder Dragonmatrix', 'Thunder Dragonroar', 'Thunder Dragonhawk', 'Wattgiraffe', 'Thunder Dragon Fusion', 'Wattrain']"
Roid Nexus,"['The Gates of Dark World', 'Darkest Diabolos, Lord of the Lair']","['Dark World Dealings', 'Snoww, Unlight of Dark World', 'Lair of Darkness', 'Ahrima, the Wicked Warden', 'Deck Devastation Virus', 'Eradicator Epidemic Virus', 'Full Force Virus', 'Grinning Grave Virus']"
Roused from Destruction,"['Fire King High Avatar Garunix', 'Onslaught of the Fire Kings', 'Nephthys, the Sacred Flame', 'Unchained Abomination']","['Cerulean Sacred Phoenix of Nephthys', 'Fire King Avatar Yaksha', 'Circle of the Fire Kings', 'Unchained Soul of Disaster', 'Abominable Unchained Soul', 'Conductor of Nephthys', 'Unchained Soul of Rage', 'Unchained Soul of Anguish']"
Rulers of Darkness,"['Red Nova Dragon', 'Hot Red Dragon Archfiend King Calamity', 'Red Supernova Dragon', 'Hot Red Dragon Archfiend Abyss', 'Tyrant Red Dragon Archfiend']","['Hot Red Dragon Archfiend', 'Resonator Call', 'Red Rising Dragon', 'Hot Red Dragon Archfiend Bane', 'Red Dragon Archfiend', 'Red Sprinter', 'Scarlight Red Dragon Archfiend', 'Red Reign']"
Rulers of the Deep,"['White Aura Bihamut', 'Superancient Deepsea King Coelacanth', 'The Legendary Fisherman III', 'Deep Sea Prima Donna']","['Beautunaful Princess', 'White Howling', 'Deep Sea Diva', 'Citadel Whale', 'Deep Sea Repetiteur', 'White Aura Whale', 'Deep Sea Aria', 'Fury of Kairyu-Shin']"
Savage Crimson Dragon,"['Hot Red Dragon Archfiend King Calamity', 'Red Nova Dragon', 'Red Supernova Dragon', 'Tyrant Red Dragon Archfiend', 'Hot Red Dragon Archfiend Abyss']","['Hot Red Dragon Archfiend Bane', 'Hot Red Dragon Archfiend', 'Red Dragon Archfiend', 'Scarlight Red Dragon Archfiend', 'Red Rising Dragon', 'Red Sprinter', 'Resonator Call', 'Red Reign']"
Scientific Analysis,"['Vola-Chemicritter Methydraco', 'Water Dragon Cluster', 'Imperion Magnum the Superconductive Battlebot', 'Mathematician']","['Catalyst Field', 'Supervise', 'Delta the Magnet Warrior', 'Duoterion', 'Berserkion the Electromagna Warrior', 'Litmus Doom Swordsman', 'Dimer Synthesis', 'Magnet Induction']"
Scrap Iron Soldiers,"['Junk Archer', 'Junk Destroyer', 'Junk Speeder', 'Satellite Warrior']","['Armory Arm', 'Junk Converter', 'Junk Collector', 'Tuningware', 'Junk Anchor', 'Satellite Synchron', 'Junk Connector', 'Scrap-Iron Scarecrow']"
Secret Fighters,"['Super Quantal Mech King Great Magnus', 'SPYRAL Double Helix', 'SPYRAL Super Agent', 'Super Quantum Red Layer']","['SPYRAL Resort', 'SPYRAL Master Plan', 'SPYRAL Sleeper', 'SPYRAL Quik-Fix', 'SPYRAL GEAR - Drone', 'Super Quantal Mech Beast Lusterrex', 'Neo Super Quantal Mech King Blaster Magna', 'Super Quantal Mech Beast Magnaliger']"
Seedling Soul Fey,"['Alsei, the Sylvan High Protector', 'Sunavalon Melias', 'Sylvan Charity', 'Sunavalon Dryatrentiay']","['Mount Sylvania', 'Orea, the Sylvan High Arbiter', 'Sylvan Princessprite', 'Sunvine Thrasher', 'Sunavalon Daphne', 'Meliae of the Trees', 'Sunavalon Dryanome', 'Benghalancer the Resurgent']"
Seekers of Witchcraft,"['Invoked Elysium', 'Witchcrafter Golem Aruru', 'Crowley, the First Propheseer', 'Rilliona, the Wondrous Magistus Witch Wardrobe']","['Witchcrafter Haine', 'Witchcrafter Madame Verre', 'Invocation', 'Aleister the Invoker', 'Invoked Mechaba', 'Vahram, the Magistus Divinity Dragon', 'Artemis, the Magistus Moon Maiden', 'Witchcrafter Creation']"
Shark's Pride,"['Bahamut Shark', 'Valiant Shark Lancer', 'Rank-Up-Magic Quick Chaos', 'Rank-Up-Magic  - The Seventh One']","['Full Armored Black Ray Lancer', 'Number 47: Nightmare Shark', 'Number 32: Shark Drake', 'Number 37: Hope Woven Dragon Spider Shark', 'Number 17: Leviathan Dragon', 'Number C73: Abyss Supra Splash', 'Number 71: Rebarian Shark', 'Number C32: Shark Drake Veiss', 'Number 73: Abyss Splash']"
Shifting Gears,"['Ancient Gear Reactor Dragon', 'Gear Gigant X', 'Geargiagear Gigant XG', 'Platinum Gadget']","['Geargiagear', 'Geargia Change', 'Ancient Gear Gadjiltron Dragon', 'Torque Tune Gear', 'Ancient Gear Hydra', 'Symphonic Warrior Guitaar', 'Powerhold the Moving Battery ', 'Ancient Gear Gadget']"
Shot Through Fiction,"['Borreload Savage Dragon', 'Borreload Dragon', 'Borrelsword Dragon', 'Borreload Furious Dragon']","['Absorouter Dragon', 'Striker Dragon', 'Quadborrel Dragon', 'Quick Launch', 'Boot Sector Launch', 'Silverrokket Dragon', 'Rokket Tracer', 'Borrelguard Dragon']"
Shrouded Heroes,"['Destiny HERO - Plasma', 'Vision HERO Faris', 'Vision HERO Vyon', 'Vision HERO Trinity', 'Destiny HERO - Dominance']","['Vision HERO Adoration', 'Destiny Draw', 'Destiny HERO - Malicious', 'Destiny HERO - Dogma', 'Destiny HERO - Dangerous', 'Destiny End Dragoon', 'D - Force', 'Destiny HERO - Dystopia', 'Xtra HERO Cross Crusader']"
Singular Strike Overthrow,"['Geomathmech Final Sigma', 'Sky Striker Mobilize - Engage!', 'Sky Striker Ace - Kagari', 'Primathmech Alembertian', 'Sky Striker Mobilize - Linkage!', 'Surgical Striker - H.A.M.P.', 'Mathmech Circular']","['Geomathmech Magma', 'Sky Striker Mecha - Widow Anchor', 'Sky Striker Mecha - Hornet Drones', 'Sky Striker Ace - Shizuku', 'Sky Striker Ace - Zeke', 'Mathmech Sigma', 'Mathmech Nabla', 'Primathmech Laplacian', 'Aileron']"
Soaring on Darkest Wings,"['Blackwing - Zephyros the Elite', 'Assault Blackwing - Raikiri the Rain Shower', 'Assault Blackwing - Onimaru the Divine Thunder', 'Blackwing Full Armor Master', 'Blackwing - Nothung the Starlight']","['Blackfeather Darkrage Dragon', 'Blackwing - Gale the Whirlwind', 'Blackwing - Simoon the Poison Wind', 'Blackwing - Vayu the Emblem of Honor', 'Blackwing - Gram the Shining Star', 'Black-Winged Dragon', 'Black Whirlwind', 'Blackwing Armed Wing']"
Soldiers from the Storm,"['Firewall Dragon', 'Accesscode Talker', 'Cyberse Clock Dragon', 'Cynet Mining']","['Firewall Dragon Darkfluid', 'Transcode Talker', 'Cynet Codec', 'Cyberse Quantum Dragon', 'Micro Coder', 'Code Talker Inverted', 'Excode Talker', 'Decode Talker Extended', 'Lady Debug']"
Souls of Sublime Gods,"['Cyber Angel Dakini', 'Cyber Angel Vrash', 'Dual Avatar - Empowered Mitsu-Jaku', 'Dual Avatar - Empowered Kon-Gyo']","['Amaterasu', 'Cyber Angel Izana', 'Amano-Iwato', 'Cyber Angel Benten', 'Shinobaroness Peacock', 'Shinobaron Peacock', 'Ritual Sanctuary', 'Dual Avatar Invitation']"
Space-Time Transcendents,"['PSY-Framelord Omega', 'I:P Masquerena', 'S-Force Justify', 'Time Thief Redoer']","['PSY-Framegear Gamma', 'S-Force Rappa Chiyomaru', 'PSY-Framelord Lambda', 'Time Thief Winder', 'Time Thief Perpetua', 'Time Thief Double Barrel', 'S-Force Chase', 'S-Force Dog Tag']"
Spiritual Mastery,"['Awakening of the Possessed', 'Spirit Charmers', 'Grand Spiritual Art - Ichirin', 'Wynn the Wind Channeler']","['Elemental Grace Doriado', 'Hiita the Fire Charmer, Ablaze', 'Wynn the Wind Charmer, Verdant', 'Aussa the Earth Charmer, Immovable', 'Eria the Water Charmer, Gentle', 'Lyna the Light Charmer, Lustrous', 'Eda the Sun Magician', 'Possessed Partnerships']"
Star-Studded Futures,"['Girsu, the Orcust Mekk-Knight', 'Dingirsu, the Orcust of the Evening Star', 'World Gears of Theurlogical Demiurgy', 'Mekk-Knight Crusadia Avramax']","['Avida, Rebuilder of Worlds', 'Galatea, the Orcust Automaton', 'Crusadia Magius', 'Lib the World Key Blademaster', 'Crusadia Equimax', 'Longirsu, the Orcust Orchestrator', 'World Legacy Monstrosity', 'Orcust Crescendo']"
Stardust Ties,"['Cosmic Blazar Dragon', 'Shooting Quasar Dragon', 'Stardust Dragon', 'Tuning']","['Shooting Star Dragon', 'Stardust Warrior', 'Stardust Spark Dragon', 'Shooting Riser Dragon', 'Formula Synchron', 'Jet Synchron', 'Duel Link Dragon, the Duel Dragon', 'Starlight Road']"
Supernatural Elements,"['Erebus the Underworld Monarch', 'Palace of the Elemental Lords', 'Ehther the Heavenly Monarch', 'Domain of the True Monarchs']","['Grandsoil the Elemental Lord', 'Elementsaber Lapauila Mana', 'Moulinglacia the Elemental Lord', 'Zaborg the Mega Monarch', 'Caius the Mega Monarch', 'The Monarchs Stormforth', 'Pantheism of the Monarchs', 'Tenacity of the Monarchs']"
Sword of the Seventh One,"['Number C101: Silent Honor DARK', 'Number C107: Neo Galaxy-Eyes Tachyon Dragon', 'Number 107: Galaxy-Eyes Tachyon Dragon', 'Rank-Up-Magic  - The Seventh One', 'Number 101: Silent Honor ARK']","['Contract with Don Thousand', 'CXyz Barian Hope', 'Rank-Up-Magic Admiration of the Thousands', ""Rank-Up-Magic Barian's Force"", 'Number 106: Giant Hand', 'Number 103: Ragnazero', 'Number C103: Ragnafinity', 'Number C106: Giant Red Hand']"
Synchro Mode Change,"['T.G. Halberd Cannon/Assault Mode', 'Stardust Dragon/Assault Mode', 'Supreme Arcanite Magician', 'Stardust Dragon']","['T.G. Halberd Cannon', 'Colossal Fighter/Assault Mode', 'Dragon Knight Draco-Equiste', 'Red Dragon Archfiend/Assault Mode', 'Ultimate Axon Kicker', 'Arcanite Magician/Assault Mode', 'Red Dragon Archfiend', 'Arcanite Magician']"
Terra Firma Transcendants,"['Earthbound Immortal Aslla piscu', 'Malefic Truth Dragon', 'Earthbound Immortal Chacu Challhua', 'Malefic Paradigm Dragon']","['Hundred Eyes Dragon', 'Earthbound Immortal Ccapac Apu', 'Malefic Territory', 'Malefic Paradox Dragon', 'Earthbound Immortal Ccarayhua', 'Earthbound Geoglyph', 'Ascator, Dawnwalker', 'Supay, Duskwalker']"
The Azure in the Ivory,"['Blue-Eyes Alternative White Dragon', 'Blue-Eyes Spirit Dragon', 'Bingo Machine, Go!!!', 'Blue-Eyes Abyss Dragon', 'Blue-Eyes Chaos MAX Dragon']","['Destined Rivals', 'Azure-Eyes Silver Dragon', 'Blue-Eyes Twin Burst Dragon', 'Neo Blue-Eyes Ultimate Dragon', 'Deep-Eyes White Dragon', 'Sage with Eyes of Blue', 'The White Stone of Ancients', 'Dragon Spirit of White', 'True Light']"
The Cerise in the Ebony,"['Red-Eyes Black Dragon', 'Red-Eyes Slash Dragon', 'Red-Eyes Darkness Metal Dragon', 'Meteor Black Comet Dragon']","['Red-Eyes Flare Metal Dragon', 'Archfiend Black Skull Dragon', 'Red-Eyes Insight', 'Red-Eyes Fusion', 'Red-Eyes Black Flare Dragon', 'Inferno Fire Blast']"
The Cost of Dark Powers,"['Thought Ruler Archfiend', 'Masterking Archfiend', 'Gorgon, Empress of the Evil Eyed', 'Zerrziel, Ruler of the Evil Eyed']","['Evil Eye of Selene', 'Medusa, Watcher of the Evil Eye', 'Evil Eye Domain - Pareidolia', 'Evil Eye of Gorgoneio', 'Evil Eye Repose', 'Archfiend Heiress', 'Evil Eye Mesmerism', 'Serziel, Watcher of the Evil Eye']"
The Darkness Amuses,"['Abyss Actor - Evil Heel', 'Abyss Actor - Mellow Madonna', 'Abyss Actor - Superstar', 'Amazement Administrator Arlekino']","['Abyss Script - Rise of the Abyss King', 'Abyss Actor - Leading Lady', 'Abyss Actor - Wild Hope', 'Abyss Actor - Hyper Director', 'Amazing Time Ticket', 'Abyss Playhouse - Fantastic Theater', 'Amazement Attendant Comica', 'Amaze Attraction Cyclo-Coaster']"
The First Heroes,"['Elemental HERO Stratos', 'Elemental HERO Neos', 'Elemental HERO Solid Soldier', 'Elemental HERO Sunrise', 'A Hero Lives']","['Elemental HERO Grandmerge', 'Elemental HERO Nova Master', 'Elemental HERO Gaia', 'Elemental HERO the Shining', 'Elemental HERO Escuridao', 'Elemental HERO Great Tornado', 'Elemental HERO Absolute Zero', 'E - Emergency Call', 'Elemental HERO Shadow Mist', 'Elemental HERO Liquid Soldier']"
The Great Olds,"['Obelisk the Tormentor', 'Slifer the Sky Dragon', 'The Winged Dragon of Ra', 'The Winged Dragon of Ra - Immortal Phoenix', 'The Winged Dragon of Ra - Sphere Mode']","['Exodia the Forbidden One', 'Tribute Burial', 'Egyptian God Slime', 'Millennium Revelation', 'Soul Crossing', 'Mound of the Bound Creator', 'Ancient Chant', 'Left Arm Offering', 'Dark Spell Regeneration']"
The Hidden Arts,"['Blade Armor Ninja', 'Number 12: Crimson Shadow Armor Ninja', 'Ninjitsu Art of Super-Transformation', 'Ninja Grandmaster Saizo']","['Blue Dragon Ninja', 'Black Dragon Ninja', 'Ninja Grandmaster Hanzo', 'Yellow Dragon Ninja', 'White Dragon Ninja', 'Hidden Village of Ninjitsu Arts', 'Ninjitsu Art of Mirage-Transformation', 'Red Dragon Ninja']"
The Infinite Void,"['Infernity Doom Dragon', 'Infernity Archfiend', 'Infernity Launcher', 'Void Ogre Dragon']","['Infernity Doom Archfiend', 'Infernity Necromancer', 'Infernity Mirage', 'Infernity Barrier', 'Into the Void', 'The Beginning of the End', 'Allure of Darkness', 'Infernity Pawn', 'ZERO-MAX']"
The Noble Knights of Crimson Flowers,"['Tuning', 'Infernoble Knight Emperor Charles', 'Baronne de Fleur', 'Ecole de Zone', 'Sauge de Fleur']","['Chevalier de Fleur', 'Sorciere de Fleur', 'Infernoble Knight Captain Oliver', 'Infernoble Knight - Renaud', 'Infernoble Knight Ogier', 'Soul Binding Gate', 'Fleuret de Fleur', 'Horse of the Floral Knights', 'Necro Synchron', 'Necro Synchron', 'Centaur Mina']"
The Opening Act of an Apocalypse,"['Darklord Superbia', 'The First Darklord', 'Despian Quaeritis', 'Masquerade the Blazing Dragon', 'Granguignol the Dusk Dragon', 'Blazing Cartesia, the Virtuous']","['Darklord Ixchel', 'Banishment of the Darklords', 'Darklord Morningstar', 'Darklord Nasten', 'Darklord Amdusc', 'Condemned Darklord', 'Darklord Rebellion', 'Dramaturge of Despia', 'Aluber the Jester of Despia', 'Branded Banishment']"
The Trap in the Wicked Castle,"['Curse Necrofear', 'Dark Sanctuary', ""Dark Spirit's Mastery"", 'Lovely Labrynth of the Silver Castle', 'Welcome Labrynth ', 'Lady Labrynth of the Silver Castle', 'Big Welcome Labrynth']","['Absolute King Back Jack', 'Dark Spirit of Banishment', 'Dark Spirit of Malice', 'Destiny Board', 'Ariane the Labrynth Servant', 'Arianna the Labrynth Servant', 'Labrynth Labyrinth', 'Labrynth Barrage', ""Archfiend's Ghastly Glitch""]"
The Ultimate Traditional Art,"['Thought Ruler Archfiend', 'Karakuri Super Shogun mdl 00N ""Bureibu""', 'Ukiyoe-P.U.N.K. Rising Carp', 'Ukiyoe-P.U.N.K. Amazing Dragon', 'Noh-P.U.N.K. Deer Note', 'Psychic End Punisher']","['Karakuri Steel Shogun mdl 00X ""Bureido""', 'Karakuri Shogun mdl 00 ""Burei""', 'Karakuri Merchant mdl 177 ""Inashichi""', 'Karakuri Cash Cache', 'Karakuri Bonze mdl 9763 ""Kunamzan""', 'Aussa the Earth Charmer, Immovable', 'Noh-P.U.N.K. Ogre Dance', 'Noh-P.U.N.K. Foxy Tune', 'Noh-P.U.N.K. Ze Amin', 'P.U.N.K. JAM Extreme Session', 'P.U.N.K. JAM Dragon Drive']"
Those who Stand Against Kings,"['Crystron Quariongandrax', 'Zoodiac Drident', 'Heavymetalfoes Electrumite', 'Crystron Halqifibrax']","['Crystron Citree', 'Crystron Phoenix', 'Metalfoes Vanisher', 'Zoodiac Thoroughblade', 'Metalfoes Fusion', 'Parametalfoes Azortless', 'Fullmetalfoes Alkahest', 'Crystron Sulfefnir']"
Three-Strike Success,"['Dinowrestler Pankratops', 'Gouki The Great Ogre', 'Dinowrestler King T Wrextle', 'Gouki Re-Match']","['Dinowrestler Chimera T Wrextle', 'Dinowrestler Giga Spinosavate', 'Gouki Jet Ogre', 'Gouki Thunder Ogre', 'Gouki The Blade Ogre', 'Gouki the Master Ogre', 'Gouki the Giant Ogre', 'Gouki the Powerload Ogre']"
Ties to Mother Nature,"['Ritual Beast Ulti-Gaiapelio', 'Daigusto Eguls', 'Ritual Beast Ulti-Cannahawk', 'Daigusto Emeral']","['Daigusto Laplampilica', 'Daigusto Sphreez', 'Ritual Beast Ulti-Apelio', 'Daigusto Gulldos', 'Spiritual Beast Cannahawk', 'Daigusto Phoenix', 'Ritual Beast Ulti-Kimunfalcos', 'Ritual Beast Steeds', 'Ultimate Providence']"
Timeworn Legacies,"['Number 6: Chronomaly Atlandis', 'Chronomaly Vimana', 'Number 33: Chronomaly Machu Mech', 'Rank-Up-Magic Argent Chaos Force']","['Chronomaly Technology', 'Chronomaly Nebra Disk', 'Number 36: Chronomaly Chateau Huyuk', 'Chronomaly Crystal Skull', 'Piri Reis Map', 'Number C6: Chronomaly Chaos Atlandis', 'Chronomaly Crystal Chrononaut', 'Marshalling Field']"
Toontastic,"['Toon Kingdom', 'Millennium-Eyes Restrict', 'Toon Black Luster Soldier', 'Relinquished Anima']","['Toon Dark Magician', 'Toon Dark Magician Girl', 'Toon Table of Contents', 'Toon Bookmark', 'Toon Page-Flip', 'Toon Terror', 'Thousand-Eyes Restrict', 'Relinquished Fusion']"
Tournament Athletes,"['U.A. Playmaker', 'F.A. Dawn Dragster', 'U.A. Player Manager', 'F.A. Shining Star GT']","['F.A. Auto Navigator', 'F.A. Dark Dragster', 'F.A. Motorhome Transport', 'U.A. Midfielder', 'U.A. Locker Room', 'U.A. Hyper Stadium', 'U.A. Libero Spiker']"
Traditions of Trickery,"['Gizmek Kaku, the Supreme Shining Sky Stag', 'Gizmek Okami, the Dreaded Deluge Dragon', 'Karakuri Super Shogun mdl 00N ""Bureibu""', 'Gizmek Orochi, the Serpentron Sky Slasher']","['Karakuri Steel Shogun mdl 00X ""Bureido""', 'Karakuri Shogun mdl 00 ""Burei""', 'Karakuri Komachi mdl 224 ""Ninishi""', 'Karakuri Merchant mdl 177 ""Inashichi""', 'Karakuri Cash Cache', 'Karakuri Bonze mdl 9763 ""Kunamzan""', 'Gizmek Uka, the Festive Fox of Fecundity', 'Sacred Scrolls of the Gizmek Legend']"
Transfigured Heroes,"['Evil HERO Dark Gaia', 'Evil HERO Malicious Fiend', 'Super Polymerization', 'Masked HERO Dark Law', 'Evil HERO Malicious Bane']","['Evil HERO Adusted Gold', 'Dark Calling', 'Dark Fusion', 'Masked HERO Blast', 'Mask Change', 'Mask Change II', 'Masked HERO Acid', 'Evil Mind', 'Elemental HERO Shadow Mist']"
Transforming Tech,"['Power Tool Mecha Dragon', 'Power Tool Dragon', 'Life Stream Dragon']","['Morphtronic Boarden', 'Morphtronic Smartfon', 'Morphtronic Videon', 'Morphtronic Map', 'Morphtronic Celfon']"
Valiant Gladiator Beasts,"['Gladiator Beast Domitianus', 'Gladiator Beast Heraklinos', 'Gladiator Beast Gyzarus', 'Test Panther']","['Gladiator Beast Equeste', 'Gladiator Beast Vespasius', 'Gladiator Beast Nerokius', 'Gladiator Beast Bestiari', 'Gladiator Beast War Chariot', 'Gladiator Beast Dragases', 'Gladiator Beast United', 'Gladiator Proving Ground']"
Vessels of Freedom,"['Rafale, Champion Fur Hire', 'Blackbeard, the Plunder Patroll Captain', 'Folgo, Justice Fur Hire', 'Plunder Patroll Shipyarrrd']","['Beat, Bladesman fur Hire', 'Dyna, Hero Fur Hire', 'Wiz, Sage Fur Hire', 'Plunder Patrollship Lys', 'Plunder Patrollship Brann', 'Plunder Patrollship Moerk']"
Warp-Speed Toys,"['Hi-Speedroid Chanbara', 'Crystal Wing Synchro Dragon', 'Clear Wing Synchro Dragon', 'Clear Wing Fast Dragon']","['Hi-Speedroid Hagoita', 'Hi-Speedroid Puzzle', 'Speed Recovery', 'Speedroid Terrortop', 'Hi-Speedroid Kitedrake', 'Hi-Speedroid Rubber Band Shooter', 'Speedroid CarTurbo', 'Speedlift']"
Warriors of Legend,"['Gaia the Magical Knight of Dragons', 'Sky Galloping Gaia the Dragon Champion', 'Buster Blader, The Dragon Destroyer Swordsman', 'Dragon Buster Destruction Sword', 'Protector Whelp of the Destruction Swordsman']","['Buster Dragon', 'Gaia the Magical Knight', 'Soldier Gaia the Fierce Knight', 'Curse of Dragon, the Magical Knight Dragon', 'Charging Gaia the Fierce Knight', 'Gateway to Chaos', 'Buster Blader, The Destruction Swordmaster', 'Lord Gaia the Fierce Knight']"
Warriors Unite!,"['Amazoness Princess', 'Amazoness Swords Woman', 'War Rock Meteoragon', 'War Rock Bashileos']","['Amazoness Pet Liger', 'Amazoness Empress', 'Amazoness Call', 'War Rock Dignity', 'Amazoness Village', 'War Rock Mountain', 'War Rock Fortia', 'War Rock Wento']"
Wind-Up Soldiers,"['Wind-Up Carrier Zenmaity', 'Deskbot Jet', 'Wind-Up Zenmaintenance', 'Deskbot Base']","['Wind-up Zenmaister', 'Wind-Up Shark', 'Wind-Up Zenmaines', 'Wind-Up Magician', 'Wind-Up Arsenal Zenmaioh', 'Wind-Up Factory', 'Deskbot 009', 'Deskbot 002']"
World Cloaked in Magical Power,"['Raviel, Lord of Phantasms - Shimmering Scraper', 'Armityle the Chaos Phantasm - Phantom of Fury', ""Elder Entity N'tss"", 'Phantom of Chaos']","['Hamon, Lord of Striking Thunder', 'Raviel, Lord of Phantasms', 'Uria, Lord of Searing Flames', 'Cerulean Skyfire', 'Chaos Summoning Beast', 'Dark Beckoning Beast', 'Hyper Blaze', 'Fallen Paradise']"
Worthy Adversaries,"['Jormungandr, Generaider Boss of Eternity', 'Mardel, Generaider Boss of Light', 'Subterror Behemoth Fiendess', 'Subterror Guru']","['Subterror Behemoth Umastryx', 'Subterror Nemesis Warrior', 'Subterror Behemoth Stalagmo', 'Harr, Generaider Boss of Storms', 'Hela, Generaider Boss of Doom', 'The Hidden City', 'Loptr, Shadow of the Generaider Bosses', 'Generaider Boss Fight']"
Yearning Evil Body,"['Evilswarm Ouroboros', 'Steelswarm Caucastag', 'Evilswarm Ophion', 'Evilswarm Exciton Knight']","['Evilswarm Thunderbird', 'Steelswarm Roach', 'Infestation Pandemic', 'Evilswarm Bahamut', 'Evilswarm Kerykeion', 'Steelswarm Hercules', 'Steelswarm Girastag', 'Steelswarm Origin']"
